{
  "getDtcode": {
    "schema": {
      "method": "GET",
      "host": "<%= iparam.freshsales_domain %>.myfreshworks.com",
      "path": "/crm/sales/api/lookup?q=<%= context.id %>&f=cf_email&entities=sales_account",
      "headers": {
        "Authorization": "Token token=<%= iparam.freshsales_api_key %>",
        "Content-Type": "application/json"
      }
    }
  },
  "fetchAssets": {
    "schema": {
      "method": "GET",
      "host": "<%= iparam.freshsales_domain %>.myfreshworks.com",
      "path": "/crm/sales/api/lookup?q=<%= context.id %>&f=<%= context.field %>&entities=cm_asset",
      "headers": {
        "Authorization": "Token token=<%= iparam.freshsales_api_key %>",
        "Content-Type": "application/json"
      }
    }
  },
  "updateAssets": {
    "schema": {
      "method": "POST",
      "host": "<%= iparam.freshsales_domain %>.myfreshworks.com",
      "path": "/crm/sales/api/custom_module/cm_asset/bulk_upsert",
      "headers": {
        "Authorization": "Token token=<%= iparam.freshsales_api_key %>",
        "Content-Type": "application/json"
      }
    }
  },
  "updateTicket": {
    "schema": {
      "method": "PUT",
      "host": "<%= iparam.freshdesk_domain %>.freshdesk.com",
      "path": "/api/v2/tickets/<%= context.id %>",
      "headers": {
        "Authorization": "Basic <%= encode(iparam.freshdesk_api_key) %>",
        "Content-Type": "application/json"
      }
    }
  },
  "getFields": {
    "schema": {
      "method": "GET",
      "host": "<%= context.domain %>.myfreshworks.com",
      "path": "/crm/sales/api/contacts/filters",
      "headers": {
        "Authorization": "Token token=<%= context.authorization %>",
        "Content-Type": "application/json"
      }
    }
  },
  "sendEmail": {
    "schema": {
      "method": "POST",
      "host": "<%= iparam.sundirect_domain %>",
      "path": "<%= iparam.sundirect_mail_endpoint %>",
      "headers": {
        "Authorization": "Bearer <%= context.token %>",
        "Content-Type": "application/json"
      }
    },
    "options": {
      "retryDelay": 1500
    }
  },
  "getToken": {
    "schema": {
      "protocol": "https",
      "method": "POST",
      "host": "<%= iparam.sundirect_domain %>",
      "path": "<%= iparam.token_url %>",
      "headers": {
        "Content-Type": "application/json"
      }
    },
    "options": {
      "retryDelay": 1500
    }
  },
  "updateAssetDetails": {
    "schema": {
      "protocol": "https",
      "method": "PUT",
      "host": "<%= iparam.freshsales_domain %>.myfreshworks.com",
      "path": "/crm/sales/api/custom_module/cm_asset/<%= context.assetId %>",
      "headers": {
        "Content-Type": "application/json",
        "Authorization": "Token token=<%= iparam.freshsales_api_key %>"
      }
    }
  },
  "filterCustomObject": {
    "schema": {
      "protocol": "https",
      "method": "GET",
      "host": "<%= iparam.freshdesk_domain %>.freshdesk.com",
      "path": "/api/v2/custom_objects/schemas/<%= iparam.dc_address_customObjectId %>/records?state=<%= context.value %>",
      "headers": {
        "Content-Type": "application/json",
        "Authorization": "Basic <%= encode(iparam.freshdesk_api_key) %>"
      }
    }
  },
  "filterAssetCustomObject": {
    "schema": {
      "protocol": "https",
      "method": "GET",
      "host": "<%= iparam.freshdesk_domain %>.freshdesk.com",
      "path": "/api/v2/custom_objects/schemas/<%= iparam.assets_customObjectId %>/records?<%= context.path %>",
      "headers": {
        "Content-Type": "application/json",
        "Authorization": "Basic <%= encode(iparam.freshdesk_api_key) %>"
      }
    }
  },
  "updateAssetCustomObject": {
    "schema": {
      "protocol": "https",
      "method": "PUT",
      "host": "<%= iparam.freshdesk_domain %>.freshdesk.com",
      "path": "/api/v2/custom_objects/schemas/<%= iparam.assets_customObjectId %>/records/<%= context.id %>",
      "headers": {
        "Content-Type": "application/json",
        "Authorization": "Basic <%= encode(iparam.freshdesk_api_key) %>"
      }
    }
  },
  "filteredSearchAssets": {
    "schema": {
      "protocol": "https",
      "method": "POST",
      "host": "<%= iparam.freshsales_domain %>.myfreshworks.com",
      "path": "/crm/sales/api/filtered_search/cm_asset",
      "headers": {
        "Content-Type": "application/json",
        "Authorization": "Token token=<%= iparam.freshsales_api_key %>"
      }
    }
  }
}